{"accuracy": 0.875, "f1_score": 0.9329758713136729, "roc_auc": 0.7159174649963154, "Precision": 0.8877551020408163, "Recall": 0.9830508474576272, "features_count": 4}